year,name,mean,median,sd,lcl_90,ucl_90
2022,farm_kha,2999.8640979324828,2922.999058586696,600.1694161267712,2166.8402126290375,4104.240076368073
2022,farm_knumber,15.6262548126885,15.443903739792697,1.9335311599247333,12.8203499760713,19.002146837797937
2022,farm_msales,24.623784137048144,22.755545421113844,8.03066725769451,15.731224693471106,39.539149288976596
2027,farm_kha,3870.9004262234057,3736.732014744736,998.1911716107602,2523.8454191905907,5651.3974385597485
2027,farm_knumber,15.721862505390893,15.502458738417955,2.414119530631964,12.183824202600537,19.928161140147804
2027,farm_msales,52.25361244656175,46.67035713543737,22.17076545945508,30.450034791492303,91.97734301651295
2032,farm_kha,5001.560069842015,4784.050735892665,1554.8740219990373,2949.930016599988,7884.84590012617
2032,farm_knumber,15.895151947358247,15.615863426449824,2.9648287624702383,11.658466938669992,21.14308576990817
2032,farm_msales,117.69660857419234,99.87759775764907,68.17672727204035,59.563836839987054,232.0020401530282
